{"cameraMode":{"drawMode":0,"name":"Shaded","section":"Shading Mode"},"sceneLighting":false,"audioPlay":false,"sceneViewState":{"showFog":true,"showMaterialUpdate":false,"showSkybox":true,"showFlares":true,"showImageEffects":true,"showParticleSystems":true},"in2DMode":false,"pivot":{"x":-35.198974609375,"y":42.7255859375,"z":-12.7705078125},"rotation":{"x":0.047637272626161578,"y":-0.883194625377655,"z":0.4574446976184845,"w":0.09200987964868546},"size":11.042923927307129,"orthographic":true}