{"cameraMode":{"drawMode":0,"name":"Shaded","section":"Shading Mode"},"sceneLighting":true,"audioPlay":false,"sceneViewState":{"showFog":true,"showMaterialUpdate":false,"showSkybox":true,"showFlares":true,"showImageEffects":true,"showParticleSystems":true},"in2DMode":false,"pivot":{"x":-17.71875,"y":58.766414642333987,"z":-4.164065837860107},"rotation":{"x":0.011352969333529473,"y":0.988564133644104,"z":-0.09968656301498413,"w":0.11258454620838165},"size":18.185400009155275,"orthographic":true}