{"cameraMode":{"drawMode":0,"name":"Shaded","section":"Shading Mode"},"sceneLighting":false,"audioPlay":false,"sceneViewState":{"showFog":true,"showMaterialUpdate":false,"showSkybox":false,"showFlares":true,"showImageEffects":true,"showParticleSystems":true},"in2DMode":false,"pivot":{"x":-19.899999618530275,"y":54.528499603271487,"z":0.0},"rotation":{"x":0.0032616870012134315,"y":0.9769034385681152,"z":-0.21313677728176118,"w":0.014948728494346142},"size":5.737627983093262,"orthographic":false}