{"cameraMode":{"drawMode":0,"name":"Shaded","section":"Shading Mode"},"sceneLighting":true,"audioPlay":false,"sceneViewState":{"showFog":true,"showMaterialUpdate":false,"showSkybox":true,"showFlares":true,"showImageEffects":true,"showParticleSystems":true},"in2DMode":false,"pivot":{"x":-10.875732421875,"y":4.587890625,"z":-1.908203125},"rotation":{"x":-0.008179601281881333,"y":-0.984764575958252,"z":0.16701453924179078,"w":-0.04819876700639725},"size":17.142066955566408,"orthographic":true}