{"cameraMode":{"drawMode":0,"name":"Shaded","section":"Shading Mode"},"sceneLighting":true,"audioPlay":false,"sceneViewState":{"showFog":true,"showMaterialUpdate":false,"showSkybox":true,"showFlares":true,"showImageEffects":true,"showParticleSystems":true},"in2DMode":false,"pivot":{"x":-4.48681640625,"y":1.39483642578125,"z":1.7255859375},"rotation":{"x":-0.015011049807071686,"y":-0.9331763982772827,"z":0.03921377286314964,"w":-0.3570212125778198},"size":2.608894109725952,"orthographic":true}