{"cameraMode":{"drawMode":0,"name":"Shaded","section":"Shading Mode"},"sceneLighting":false,"audioPlay":false,"sceneViewState":{"showFog":true,"showMaterialUpdate":false,"showSkybox":true,"showFlares":true,"showImageEffects":true,"showParticleSystems":true},"in2DMode":false,"pivot":{"x":42.56503677368164,"y":50.19706726074219,"z":0.62457275390625},"rotation":{"x":-0.16994962096214295,"y":-0.2634066343307495,"z":0.04720015078783035,"w":-0.9484248161315918},"size":28.045108795166017,"orthographic":false}